title,url
https://www.invima.gov.co/biblioteca/acta-no-06-de-2026-sempb-primera-partepdf
https://www.invima.gov.co/biblioteca/acta-no-05-de-2026-sempb-segunda-partepdf
https://www.invima.gov.co/biblioteca/acta-no-05-de-2026-sempb-primera-partepdf
https://www.invima.gov.co/biblioteca/acta-no-04-de-2026-sempb-segunda-partepdf-1
https://www.invima.gov.co/biblioteca/acta-no-04-de-2026-sempb-primera-partepdf
https://www.invima.gov.co/biblioteca/acta-no-03-de-2026-sempb-tercera-partepdf
https://www.invima.gov.co/biblioteca/acta-no-03-de-2026-sempb-segunda-partepdf
https://www.invima.gov.co/biblioteca/acta-no-03-de-2026-sempb-primera-partepdf
https://www.invima.gov.co/biblioteca/acta-no-02-de-2026-sempb-tercera-partepdf
https://www.invima.gov.co/biblioteca/acta-no-02-de-2026-sempb-segunda-partepdf
https://www.invima.gov.co/biblioteca/acta-no-02-de-2026-sempb-primera-partepdf
https://www.invima.gov.co/biblioteca/acta-no-01-de-2026-sempb-segunda-partepdf
https://www.invima.gov.co/biblioteca/acta-no-01-de-2026-sempb-primera-partepdf
